State,District,Latitude,Longitude,District code,Population,Households_with_Internet,Buddhists,Christians,Hindus,Households_with_Telephone_Mobile_Phone_Both,Housholds_with_Electric_Lighting,Muslims,Others_Religions,Sikhs,literacy_rate,Male_literacy_rate,Female_literacy_rate,Male_ratio,Female_ratio
Andhra Pradesh,Adilabad,19.284513950073435,78.81321233480176,532,2741239,5512,25510,15422,2399901,13417,566108,275970,322,1377,54.11,57.73,42.27,49.96,50.04
Andhra Pradesh,Anantapur,14.312065561843148,77.4601584478577,553,4081148,8606,341,20463,3599372,22640,897970,443456,309,932,56.63,57.92,42.08,50.59,49.41
Andhra Pradesh,Chittoor,13.33109263067696,78.92763898886037,554,4174064,13763,253,24129,3737588,36237,944555,397870,358,867,63.92,55.65,44.35,50.08,49.92
Andhra Pradesh,East Godavari,16.782718320784902,82.2432074720511,545,5154296,22411,413,77825,4983330,52789,1297273,77777,403,738,63.8,52.21,47.79,49.86,50.14
Andhra Pradesh,Guntur,15.884925767634847,80.58657614107885,548,4887813,19383,323,89763,4217597,53583,1186028,559770,332,764,60.57,55.22,44.78,49.93,50.07
Andhra Pradesh,Hyderabad,17.38971555555556,78.46668888888888,536,3943323,149034,1268,87522,2046051,123728,869721,1713405,1929,11446,73.34,53.34,46.66,51.19,48.81
Andhra Pradesh,Karimnagar,18.515483193277312,79.43765428571413,534,3776269,8831,332,24979,3491139,17534,926768,244723,115,2086,58.44,56.97,43.03,49.81,50.19
Andhra Pradesh,Khammam,17.683921325051784,80.67008643892335,541,2797370,8628,217,33463,2595321,18744,668519,158887,539,655,58.28,55.31,44.69,49.72,50.28
Andhra Pradesh,Krishna,16.143872753151673,81.14805061000413,547,4517398,30438,863,145598,4023678,69493,1163932,307043,906,1393,66.63,53.13,46.87,50.19,49.81
Andhra Pradesh,Kurnool,15.43759715142429,77.90086836581717,552,4053463,10081,255,33165,3328380,22698,816721,670737,434,737,52.48,58.59,41.41,50.31,49.69
Andhra Pradesh,Mahbubnagar,16.639546224256293,77.98933089244859,538,4053028,6153,290,21345,3673456,18944,757821,334172,267,658,47.88,59.69,40.31,50.59,49.41
Andhra Pradesh,Medak,17.889304978038055,78.13778901903379,535,3033288,8635,554,34301,2637313,23516,604719,342449,217,1309,53.97,58.24,41.76,50.21,49.79
Andhra Pradesh,Nalgonda,17.113250515463907,79.16984453608244,539,3488809,7715,241,35025,3249231,19542,789225,188646,132,937,57.36,58.01,41.99,50.44,49.56
Andhra Pradesh,Nizamabad,18.429485849056604,78.07523490566035,533,2551335,5261,1847,19653,2123426,20344,545913,391596,146,2357,54.47,56.86,43.14,49.02,50.98
Andhra Pradesh,Prakasam,15.489039001601704,80.11665790176184,549,3397448,6151,97,18775,3150195,18557,763746,220654,206,266,56.05,58.16,41.84,50.47,49.53
Andhra Pradesh,Srikakulam,18.570900998697432,84.25874814010675,542,2703114,3988,77,18879,2666950,18598,615432,9025,106,193,55.32,57.36,42.64,49.64,50.36
Andhra Pradesh,Vizianagaram,18.28329696032972,83.45982854198873,543,2344474,4453,114,17853,2299129,16052,527736,16423,183,380,52.82,57.13,42.87,49.54,50.46
Andhra Pradesh,Warangal,18.01752608695651,79.87422028985509,540,3512576,12952,253,31377,3273755,25094,828077,197333,126,1453,58.79,57.13,42.87,50.09,49.91
Andhra Pradesh,West Godavari,16.63297943925236,81.45912990654196,546,3936966,12050,209,109120,3733191,43490,1017568,86142,211,288,67.37,52.0,48.0,49.91,50.09
Arunachal Pradesh,Changlang,27.36048479338845,96.37552644628106,253,148226,170,50381,35969,47683,963,14593,2134,11738,94,49.37,60.17,39.83,51.91,48.09
Arunachal Pradesh,East Kameng,27.371194055944056,93.04741486013997,247,78690,57,452,37136,12333,538,5318,652,27868,36,48.86,56.18,43.82,49.28,50.72
Arunachal Pradesh,East Siang,28.15382352941176,95.06499226006191,251,99214,450,776,18254,27854,1244,14231,2289,49393,69,63.07,54.67,45.33,50.51,49.49
Arunachal Pradesh,Kurung Kumey,28.04853351800553,93.24531994459834,256,92076,95,121,51189,4859,174,3911,471,34158,43,39.76,55.34,44.66,49.22,50.78
Arunachal Pradesh,Lohit,27.946785273972623,96.59670770547945,259,145726,312,24452,10684,99020,1121,17157,3846,7277,210,57.0,58.25,41.75,52.3,47.7
Arunachal Pradesh,Lower Dibang Valley,28.32651730103806,95.76567335640142,258,54080,207,2932,9213,28915,595,5932,2247,10393,33,58.89,56.79,43.21,51.87,48.13
Arunachal Pradesh,Lower Subansiri,27.70849297297297,93.96226108108112,255,83030,381,193,34402,9551,1598,12493,1482,37085,27,65.11,54.52,45.48,50.4,49.6
Arunachal Pradesh,Papum Pare,27.273529716981127,93.54468183962264,248,176573,2477,4768,84397,57027,3186,30539,6148,22586,310,68.55,54.35,45.65,50.51,49.49
Arunachal Pradesh,Tawang,27.680683962264148,91.82504245283016,245,49977,96,34920,776,11842,955,8635,787,349,1164,52.17,67.96,32.04,58.33,41.67
Arunachal Pradesh,Tirap,26.94406229508198,95.41470327868862,254,111975,98,778,83361,20682,456,16026,1103,5325,61,42.84,61.1,38.9,51.44,48.56
Arunachal Pradesh,Upper Siang,28.8309244897959,95.00155765306124,252,35320,97,2577,5643,5261,502,6198,411,20967,27,51.51,58.93,41.07,52.94,47.06
Arunachal Pradesh,Upper Subansiri,28.277196566523585,93.8991435622318,249,83448,139,297,8779,13474,609,5373,521,59449,28,54.26,54.79,45.21,50.04,49.96
Arunachal Pradesh,West Kameng,27.46486582278483,92.65015750452083,246,83947,202,36087,8466,31265,867,14188,1970,5556,328,57.77,60.97,39.03,54.98,45.02
Arunachal Pradesh,West Siang,28.106296920289843,94.53510344202908,250,112274,303,3311,29969,15881,1623,14204,2218,60005,577,57.67,56.8,43.2,51.81,48.19
Assam,Barpeta,26.427872264631056,90.97912010178116,303,1693622,2078,49,1020,492966,3629,84804,1198036,14,112,52.97,55.63,44.37,51.19,48.81
Assam,Bongaigaon,26.45012521994133,90.6734296187684,319,738804,2523,236,5924,359145,4536,49866,371033,9,384,58.75,54.62,45.38,50.87,49.13
Assam,Cachar,24.815570668693017,92.86849650455927,316,1736617,5316,341,37635,1038985,9814,140205,654816,98,280,67.61,54.5,45.5,51.04,48.96
Assam,Darrang,26.58463215962442,92.04141338028155,325,928500,1166,57,1688,327322,1703,45444,597392,19,431,52.45,55.16,44.84,51.19,48.81
Assam,Dhemaji,27.586533438485816,94.71336908517353,308,686133,1192,911,8711,655052,1624,28195,13475,6315,297,61.65,56.2,43.8,51.19,48.81
Assam,Dibrugarh,27.30612284482757,95.0998282327587,310,1326335,8817,4673,52968,1198401,9849,136685,64526,46,2261,66.69,55.55,44.45,51.0,49.0
Assam,Goalpara,26.017277777777807,90.59869891598912,302,1008183,1364,194,77862,347878,2916,78641,579929,103,771,55.9,53.99,46.01,50.91,49.09
Assam,Golaghat,26.377219709794485,93.82583397823468,313,1066888,3073,3863,50582,917426,4938,82345,90312,1347,1131,67.65,54.93,45.07,50.91,49.09
Assam,Hailakandi,24.457496089385486,92.59154664804475,318,659296,1211,490,8480,251194,2479,44143,397653,636,84,61.79,55.68,44.32,51.25,48.75
Assam,Jorhat,26.76244824016563,94.30197722567289,312,1092256,5651,2378,21051,1008219,6457,122063,54684,578,1540,72.78,54.39,45.61,50.98,49.02
Assam,Kamrup,26.170939452054807,91.58863273972592,321,1517542,3109,185,33297,877495,4553,122191,601784,55,319,65.59,55.28,44.72,51.3,48.7
Assam,Karbi Anglong,26.08966454598031,93.11536570271832,314,956313,1923,6260,157789,766000,3885,53918,20290,3568,370,58.27,56.4,43.6,51.26,48.74
Assam,Karimganj,24.69660712250711,92.3679498575498,317,1228686,1933,446,11990,521962,6343,70951,692489,110,114,64.73,54.81,45.19,50.94,49.06
Assam,Kokrajhar,26.497246635730868,90.13997470997688,300,887142,1218,1718,101091,529068,2227,41373,252271,123,93,55.16,56.25,43.75,51.05,48.95
Assam,Lakhimpur,27.14128805970149,94.0775949253732,307,1042137,1948,1074,46217,797130,3089,60296,193476,2410,412,65.59,54.95,45.05,50.83,49.17
Assam,Nagaon,26.26462170626351,92.9306191144708,305,2823768,5121,1073,26844,1225246,13973,195631,1563203,61,3036,60.58,53.89,46.11,50.96,49.04
Assam,Nalbari,26.46323767605632,91.40598521126763,323,771639,1631,27,429,491582,2571,68313,277488,9,62,68.91,55.13,44.87,51.32,48.68
Assam,Sonitpur,26.73514926829268,92.85197804878044,306,1924110,4358,5088,138166,1422824,8760,133368,350536,221,1363,57.61,55.98,44.02,51.14,48.86
Assam,Tinsukia,27.53549291139241,95.69055949367085,309,1327929,5135,16228,76877,1181347,8234,161718,48373,395,1999,60.12,56.8,43.2,51.22,48.78
Bihar,Araria,26.211528119180603,87.30766554934816,209,2811569,2561,187,4116,1593525,6631,43290,1207442,63,371,42.53,60.85,39.15,52.05,47.95
Bihar,Aurangabad,24.774291867469877,84.45986024096379,235,2540073,2362,334,2218,2291133,5268,44456,237353,19,295,57.71,59.26,40.74,51.92,48.08
Bihar,Aurangabad,24.774291867469877,84.45986024096379,515,3701282,23258,309093,15991,2545438,37266,589477,786677,1005,5142,67.65,57.15,42.85,51.99,48.01
Maharashtra,Aurangabad,20.0979228832952,75.32072196796334,235,2540073,2362,334,2218,2291133,5268,44456,237353,19,295,57.71,59.26,40.74,51.92,48.08
Maharashtra,Aurangabad,20.0979228832952,75.32072196796334,515,3701282,23258,309093,15991,2545438,37266,589477,786677,1005,5142,67.65,57.15,42.85,51.99,48.01
Bihar,Banka,24.832355642023337,86.8664916342413,225,2034763,1704,113,6138,1772655,3983,62359,250925,1035,139,47.44,61.22,38.78,52.45,47.55
Bihar,Begusarai,25.54302613168723,86.12560144032932,222,2970541,4644,229,2209,2554330,10447,120373,407348,57,402,52.13,59.31,40.69,52.77,47.23
Bihar,Bhagalpur,25.277192885375477,87.04213814229242,224,3037766,6764,180,3556,2487866,10349,174534,537098,32,415,51.78,59.61,40.39,53.19,46.81
Bihar,Bhojpur,25.50666439393939,84.49407803030304,231,2728407,3661,647,2165,2518216,9622,62153,197819,48,544,58.61,60.88,39.12,52.43,47.57
Bihar,Buxar,25.48593018867924,84.08808081760995,232,1706352,1784,5090,2125,1591454,4408,46760,105423,57,248,58.01,59.97,40.03,52.04,47.96
Bihar,Darbhanga,26.146187719298258,85.97387352472099,215,3937385,6280,245,3534,3042729,15973,127442,881476,101,832,46.14,61.96,38.04,52.32,47.68
Bihar,Gaya,24.7266541547278,84.94291217765044,236,4391418,6856,870,3943,3876395,10951,112617,488121,108,913,52.32,59.58,40.42,51.61,48.39
Bihar,Gopalganj,26.44874364161851,84.34636127167629,217,2562012,3707,167,2463,2119262,6263,69375,436057,28,271,53.98,57.4,42.6,49.48,50.52
Bihar,Jamui,24.78418380462726,86.26316298200514,238,1760405,1839,159,8443,1525746,3712,32633,217621,3438,162,48.77,62.24,37.76,52.04,47.96
Bihar,Jehanabad,25.155679045643165,84.9208124481328,239,1125313,1106,248,691,1045117,2527,27641,75742,58,148,55.0,60.5,39.5,52.04,47.96
Bihar,Katihar,25.56565356037151,87.70466083591326,212,3071029,2941,212,8659,1684589,8052,60900,1365645,2141,2754,41.69,59.54,40.46,52.11,47.89
Bihar,Khagaria,25.53558891454964,86.56593256351037,223,1666886,1580,79,1253,1486989,4837,40641,175588,115,143,46.08,60.04,39.96,53.02,46.98
Bihar,Kishanganj,26.324336758321294,87.95045007235886,210,1690400,1093,183,5783,531236,4035,58718,1149095,28,398,44.08,59.05,40.95,51.29,48.71
Bihar,Lakhisarai,25.183449321266963,86.12825701357468,227,1000912,1186,52,487,956396,2517,44491,40886,52,140,50.68,60.16,39.84,52.59,47.41
Bihar,Madhepura,25.77341929460581,86.8978443983403,213,2001762,1397,60,1342,1753829,5387,23236,241760,81,170,41.69,62.03,37.97,52.33,47.67
Bihar,Madhubani,26.41380538172716,86.16328360450552,207,4487379,5319,328,3262,3652168,14946,113281,818912,169,564,48.03,62.18,37.82,51.91,48.09
Bihar,Munger,25.198537962962963,86.54173672839504,226,1367765,2653,95,1815,1252319,4853,90461,110416,61,338,58.62,59.08,40.92,53.3,46.7
Bihar,Muzaffarpur,26.18664417177915,85.32745092024543,216,4801062,10290,288,5149,4032773,18286,180651,745546,98,933,52.26,59.27,40.73,52.64,47.36
Bihar,Nalanda,25.229345508982053,85.48053113772461,229,2877653,4156,414,1978,2669775,9650,101378,198033,64,393,52.82,60.5,39.5,52.02,47.98
Bihar,Nawada,24.825708836206903,85.61594568965519,237,2219146,1841,176,1299,1964620,4704,31162,244394,80,250,49.16,60.45,39.55,51.58,48.42
Bihar,Pashchim Champaran,27.16064352201258,84.30265911949685,203,3935042,3495,1337,8469,3047427,11474,57546,865090,1895,926,44.71,62.02,37.98,52.38,47.62
Bihar,Patna,25.40297114503818,85.3198433587787,230,5838465,40692,1062,12551,5356075,33562,546859,439952,203,4803,59.26,58.62,41.38,52.73,47.27
Bihar,Purba Champaran,26.68129336734693,85.00382155612242,204,5099371,7719,878,4865,4086453,13855,74979,990349,104,668,44.65,61.82,38.18,52.58,47.42
Bihar,Purnia,25.81714801901739,87.40447606973065,211,3264619,4170,353,7989,1989420,7568,86058,1255641,650,614,40.81,60.44,39.56,52.05,47.95
Bihar,Rohtas,24.99170460829495,83.9350762672811,234,2959918,4594,1584,2889,2645415,8169,114893,300487,537,2569,60.81,58.99,41.01,52.15,47.85
Bihar,Saharsa,25.821270696721303,86.54670819672135,214,1900661,1668,60,1292,1629254,5700,41342,266620,8,197,42.35,62.9,37.1,52.46,47.54
Bihar,Samastipur,25.793205563909765,85.94833323308269,221,4261566,5379,292,2126,3800598,11807,88021,452370,112,554,50.28,60.37,39.63,52.33,47.67
Bihar,Saran,25.89656077844312,84.82266287425155,219,3951862,4509,229,2330,3534772,9488,94787,406449,107,371,54.59,59.6,40.4,51.19,48.81
Bihar,Sheikhpura,25.12472436548223,85.77839390862943,228,636342,631,41,313,596102,2362,20065,37653,31,75,51.65,59.76,40.24,51.82,48.18
Bihar,Sheohar,26.458380748663107,85.29539411764709,205,656246,478,73,522,552492,1669,10004,99342,44,216,43.23,60.5,39.5,52.83,47.17
Bihar,Sitamarhi,26.56570069686413,85.61172491289203,206,3423574,3460,253,2897,2672311,9864,66263,740101,20,261,41.97,61.61,38.39,52.67,47.33
Bihar,Siwan,26.1736372013652,84.33766552901022,218,3330464,3834,407,2618,2712635,8090,52935,608282,86,369,57.96,57.81,42.19,50.3,49.7
Bihar,Supaul,26.28157893772896,86.78496465201461,208,2229076,1845,136,3758,1809936,5441,51028,409251,42,271,46.35,62.68,37.32,51.83,48.17
Bihar,Vaishali,25.8134703180212,85.39247597173153,220,3495021,4810,362,2203,3152346,9675,70001,333980,71,707,55.13,59.82,40.18,52.78,47.22
Chandigarh,Chandigarh,30.7426,76.75872465753424,55,1055450,44283,1160,8720,852574,47345,231204,51447,246,138329,76.31,57.78,42.22,55.02,44.98
Chhattisgarh,Bastar,19.393866751269048,81.52895126903546,414,1413199,1782,985,27951,1277975,4160,157646,12413,86925,2099,46.06,58.74,41.26,49.43,50.57
Chhattisgarh,Bilaspur,22.356942982456143,81.99770350877188,30,381956,1574,113,236,371973,12284,79146,6984,7,2387,75.3,54.1,45.9,50.47,49.53
Chhattisgarh,Bilaspur,22.356942982456143,81.99770350877188,406,2663629,8566,2979,20745,2540763,10847,519704,57973,29122,6373,59.94,58.41,41.59,50.74,49.26
Himachal Pradesh,Bilaspur,31.3780422907489,76.65316079295157,30,381956,1574,113,236,371973,12284,79146,6984,7,2387,75.3,54.1,45.9,50.47,49.53
Himachal Pradesh,Bilaspur,31.3780422907489,76.65316079295157,406,2663629,8566,2979,20745,2540763,10847,519704,57973,29122,6373,59.94,58.41,41.59,50.74,49.26
Chhattisgarh,Dhamtari,20.554912627291245,81.7569195519348,412,799781,1016,667,2644,777188,3257,148926,10425,3685,1196,68.37,55.58,44.42,49.75,50.25
Chhattisgarh,Durg,21.194463849287164,81.33181639511197,409,3343872,16141,19587,24304,3129745,27295,614109,83499,42569,24276,68.88,55.77,44.23,50.3,49.7
Chhattisgarh,Jashpur,22.77286167664669,83.8703962075848,402,851669,567,467,189588,629509,1575,76783,15336,14835,474,58.17,56.65,43.35,49.87,50.13
Chhattisgarh,Korba,22.491712499999995,82.57604326923074,404,1206640,4544,897,21059,1133176,6042,202380,30195,15649,3666,62.05,57.88,42.12,50.8,49.2
Chhattisgarh,Koriya,23.50412776859501,82.12515636363635,400,658917,1667,84,9398,604259,2753,80023,25878,15474,1391,60.38,57.8,42.2,50.8,49.2
Chhattisgarh,Mahasamund,21.223727037773354,82.65925427435384,411,1032754,961,521,5284,1008061,1915,212487,12570,1417,2941,61.77,57.07,42.93,49.57,50.43
Chhattisgarh,Raigarh,22.008265068493166,83.27797698630134,403,1493984,3342,781,47653,1422986,5312,297308,17332,1782,2117,63.7,57.03,42.97,50.22,49.78
Chhattisgarh,Raigarh,22.008265068493166,83.27797698630134,520,2634200,38570,121791,17452,2239370,87201,547206,227465,1159,7477,73.65,54.62,45.38,51.03,48.97
Maharashtra,Raigarh,18.453257637845976,73.0090609418579,403,1493984,3342,781,47653,1422986,5312,297308,17332,1782,2117,63.7,57.03,42.97,50.22,49.78
Maharashtra,Raigarh,18.453257637845976,73.0090609418579,520,2634200,38570,121791,17452,2239370,87201,547206,227465,1159,7477,73.65,54.62,45.38,51.03,48.97
Chhattisgarh,Raipur,20.88603153846152,82.20032759615388,410,4063872,20261,8397,23181,3881485,25785,728556,103038,10680,16707,64.71,56.78,43.22,50.4,49.6
Chhattisgarh,Surguja,23.32719278728607,83.23582493887531,401,2359886,2737,1287,97432,2126195,5868,253131,81442,48295,2303,50.34,58.48,41.52,50.56,49.44
Daman and Diu,Daman,20.431616666666677,72.8392366071429,495,191173,1316,216,2618,171537,1888,49249,16087,79,169,78.64,69.38,30.62,65.21,34.79
Daman and Diu,Junagadh,20.72568199498111,70.83985639899612,479,2743082,6628,1291,2586,2397056,26859,498326,334858,77,1110,67.18,56.81,43.19,51.2,48.8
Gujarat,Junagadh,20.929523011609785,70.54733890140345,479,2743082,6628,1291,2586,2397056,26859,498326,334858,77,1110,67.18,56.81,43.19,51.2,48.8
Goa,North Goa,15.548723418714054,73.80667997909038,585,818008,23440,553,134169,622213,39555,173951,57941,166,618,81.06,53.05,46.95,50.94,49.06
Goa,South Goa,15.195278658183785,73.941792596877,586,640537,17624,542,231961,341664,35584,138810,63623,92,855,78.44,52.56,47.44,50.34,49.66
Gujarat,Ahmadabad,22.605425564971743,72.23898135593227,474,7214225,126341,4518,50754,6042416,195632,1456046,883238,2055,14542,75.35,55.66,44.34,52.51,47.49
Gujarat,Amreli,21.04832649310872,71.43457637825426,480,1514190,2538,243,919,1410463,14618,273331,99105,40,415,65.74,56.07,43.93,50.92,49.08
Gujarat,Anand,22.282718206229863,72.57782051557454,482,2092745,9902,267,29789,1798794,34679,378310,250919,142,1524,74.13,56.37,43.63,51.95,48.05
Gujarat,Banas Kantha,24.258538965517253,71.93205252873561,469,3120506,3424,281,1686,2890305,16407,396873,213505,83,486,54.64,61.49,38.51,51.61,48.39
Gujarat,Bharuch,21.75787276237761,72.67326346710801,488,1551019,10257,442,9494,1188204,26021,309091,343511,342,1733,72.1,55.71,44.29,51.95,48.05
Gujarat,Bhavnagar,21.70219390341736,72.16272632761141,481,2880365,7297,445,3457,2632574,23109,500757,212863,127,1410,65.52,57.62,42.38,51.74,48.26
Gujarat,Gandhinagar,23.193679790026252,72.67221679790026,473,1391753,12107,497,3237,1319586,23010,262539,57273,82,1985,74.04,56.54,43.46,52.01,47.99
Gujarat,Jamnagar,22.410600414263328,69.62062005768233,477,2160119,11573,1086,4392,1810443,27937,386538,320805,136,1873,64.65,56.94,43.06,51.58,48.42
Gujarat,Kachchh,23.48057203301311,68.82192301497916,468,2092371,9631,490,6192,1608921,26105,403294,442355,98,6353,59.85,59.03,40.97,52.42,47.58
Gujarat,Kheda,22.88765312500002,73.018803515625,483,2299885,5710,300,26629,2000884,23201,372226,264482,82,1403,72.19,56.77,43.23,51.56,48.44
Gujarat,Mahesana,23.529355452865065,72.45545194085031,471,2035064,7759,146,1954,1885732,30438,385609,136431,88,1082,73.84,56.4,43.6,51.92,48.08
Gujarat,Narmada,21.70666386292833,73.68403208722742,487,590297,576,80,4413,559848,3170,101940,22600,2078,147,62.74,57.18,42.82,51.01,48.99
Gujarat,Navsari,20.866973318871995,72.86184869848157,490,1329672,6726,601,5733,1225087,25731,267679,78669,2823,2459,75.35,53.84,46.16,51.0,49.0
Gujarat,Panch Mahals,22.80435606837605,73.61984598290586,484,2390776,3456,337,2863,2220974,13708,398937,158513,131,662,60.27,59.55,40.45,51.32,48.68
Gujarat,Patan,23.80634198473284,71.75162977099237,470,1343734,2231,66,916,1194745,11039,223424,142797,66,337,62.36,59.03,40.97,51.68,48.32
Gujarat,Porbandar,21.55092351651571,69.71896987722886,478,585449,1653,91,500,549749,6722,117040,33565,38,248,67.24,56.29,43.71,51.28,48.72
Gujarat,Rajkot,22.40603377715488,70.83679439383323,476,3804558,21785,1170,5478,3397406,62685,747352,361388,269,1918,71.63,55.56,44.44,51.9,48.1
Gujarat,Sabar Kantha,23.71803594548552,73.13638790459964,472,2428589,5262,168,6375,2260560,37559,438606,148563,52,614,65.01,58.19,41.81,51.23,48.77
Gujarat,Surat,21.25761372772093,72.93488716344339,492,6081322,55694,12902,21052,5260193,100342,1252452,660772,3920,5703,75.17,58.79,41.21,55.95,44.05
Gujarat,Surendranagar,22.82672007299272,71.48358740875906,475,1756268,2975,312,1419,1620282,10457,302068,109681,128,512,62.27,58.82,41.18,51.81,48.19
Gujarat,The Dangs,20.801633877551023,73.6883518367347,489,228291,137,32,20029,203545,1121,29794,3593,560,69,61.75,54.85,45.15,49.86,50.14
Gujarat,Vadodara,22.26133739279589,73.49433010291594,486,4165626,53606,2069,23813,3713941,83851,798277,384579,1124,9340,69.45,55.79,44.21,51.7,48.3
Gujarat,Valsad,20.44238231644259,72.9148584798345,491,1705678,11020,913,19661,1571147,22085,329218,94034,1417,1589,68.63,56.0,44.0,52.02,47.98
Haryana,Ambala,30.3503672316384,76.94970310734456,70,1128350,12899,381,3705,955096,30024,199681,22143,110,138202,72.5,56.39,43.61,53.06,46.94
Haryana,Bhiwani,28.728868064516128,76.02110225806452,81,1634445,5292,254,873,1611031,11502,266244,15515,26,2401,65.46,60.12,39.88,53.03,46.97
Haryana,Faridabad,28.14873109756098,77.32718536585368,88,1809733,43437,640,9743,1588407,42136,333171,161680,249,34572,70.33,57.74,42.26,53.38,46.62
Haryana,Fatehabad,29.57298318584072,75.54608716814157,78,942011,3210,171,996,779243,10912,153301,8360,530,150969,59.19,58.73,41.27,52.59,47.41
Haryana,Gurgaon,28.043894789579163,77.01935130260523,86,1514432,67087,944,9725,1408801,53812,305751,70842,254,15097,73.37,57.48,42.52,53.93,46.07
Haryana,Hisar,29.23628731117825,75.84324682779452,80,1743931,10132,334,1945,1701061,16651,285004,21650,33,12270,63.9,60.14,39.86,53.42,46.58
Haryana,Jhajjar,28.59651868131869,76.61137142857145,83,958405,5034,105,734,945693,10748,168558,8247,22,1042,70.54,59.09,40.91,53.7,46.3
Haryana,Jind,29.45149821958457,76.29598575667653,77,1334152,5263,172,889,1276669,14045,222462,23016,56,29103,62.42,60.29,39.71,53.44,46.56
Haryana,Kaithal,29.96068539094649,76.37698930041155,73,1074304,3724,265,1769,974520,8646,187349,8232,70,87558,60.18,59.67,40.33,53.15,46.85
Haryana,Karnal,29.703200647249204,76.87488025889972,74,1505324,11163,532,2049,1341002,17819,267223,31650,49,126207,64.97,57.72,42.28,52.99,47.01
Haryana,Kurukshetra,30.05652659846548,76.78774680306903,72,964655,7356,214,1943,805175,18061,171908,15970,106,140395,67.06,57.32,42.68,52.97,47.03
Haryana,Mahendragarh,28.1352161458333,76.14018072916659,84,922088,2624,75,301,913251,9313,135455,5660,15,1737,68.35,60.36,39.64,52.78,47.22
Haryana,Panchkula,30.700897142857134,76.97173238095236,69,561293,18615,1008,2583,490702,23673,103455,23451,90,40951,72.21,56.71,43.29,53.39,46.61
Haryana,Panipat,29.34352134146342,76.92895914634147,75,1205437,10024,289,2261,1083936,13262,209965,86622,99,25064,65.25,59.01,40.99,53.66,46.34
Haryana,Rewari,28.19164714828897,76.55956007604564,85,900332,5121,202,701,889133,14923,152651,5713,12,1804,70.75,58.95,41.05,52.68,47.32
Haryana,Rohtak,28.892517647058817,76.53123235294117,82,1061204,8482,200,732,1043887,13922,193120,8185,24,3916,70.45,58.32,41.68,53.57,46.43
Haryana,Sirsa,29.63583446327684,74.90970480225988,79,1295189,6287,370,2186,940255,17622,215527,9524,624,338962,60.45,58.37,41.63,52.7,47.3
Himachal Pradesh,Chamba,32.66741814595661,76.39354063116366,23,519080,1615,1740,1559,479782,6783,96082,32455,14,2745,62.39,57.46,42.54,50.34,49.66
Himachal Pradesh,Hamirpur,31.67668481012659,76.49767088607594,28,454768,2521,95,243,449412,19528,104120,3711,9,591,78.74,50.42,49.58,47.73,52.27
Himachal Pradesh,Hamirpur,31.67668481012659,76.49767088607594,168,1104285,1196,74,814,1010014,2839,55929,91269,273,196,59.16,62.47,37.53,53.75,46.25
Uttar Pradesh,Hamirpur,25.738158381502892,79.82619479768789,28,454768,2521,95,243,449412,19528,104120,3711,9,591,78.74,50.42,49.58,47.73,52.27
Uttar Pradesh,Hamirpur,25.738158381502892,79.82619479768789,168,1104285,1196,74,814,1010014,2839,55929,91269,273,196,59.16,62.47,37.53,53.75,46.25
Himachal Pradesh,Kangra,32.14093603238864,76.41205910931173,24,1510075,8053,14511,3023,1461140,43145,330081,19797,208,8929,76.33,52.61,47.39,49.71,50.29
Himachal Pradesh,Kinnaur,31.60667184065933,78.51613736263741,34,84121,354,18086,485,64732,2660,17865,448,45,249,72.16,60.46,39.54,54.98,45.02
Himachal Pradesh,Kullu,31.90911922077925,77.40922649350647,26,437903,2623,15377,1568,415669,9049,91322,2974,83,1396,70.26,56.73,43.27,51.48,48.52
Himachal Pradesh,Mandi,31.635805940594054,76.96556930693067,27,999777,5333,2628,876,981412,31335,214491,9460,86,4081,72.39,54.39,45.61,49.82,50.18
Himachal Pradesh,Shimla,31.155725451807253,77.62573042168668,33,814010,9177,3262,2025,791449,28920,172754,11810,197,4047,75.26,55.96,44.04,52.22,47.78
Himachal Pradesh,Sirmaur,30.682764453961443,77.43184689507493,32,529855,2220,2645,577,476830,7787,91509,33215,86,15501,68.44,56.7,43.3,52.14,47.86
Himachal Pradesh,Solan,31.03864311926604,76.94442140672783,31,580320,5250,574,1452,548579,22025,119866,14678,110,13926,73.85,57.02,42.98,53.2,46.8
Himachal Pradesh,Una,31.58330388349513,76.18353932038836,29,521173,2412,56,390,480138,12776,105929,14275,10,26009,76.7,53.36,46.64,50.6,49.4
Jammu and Kashmir,Doda,33.359614675767915,76.07163720136518,16,409936,596,21,472,187621,1371,61831,220614,42,422,53.44,63.27,36.73,52.12,47.88
Jammu and Kashmir,Jammu,32.713199095022645,74.8477520361991,21,1529958,19905,470,12104,1289240,40739,294739,107489,321,114272,74.32,56.45,43.55,53.19,46.81
Jammu and Kashmir,Kargil,33.565994894894914,76.63675315315312,4,140802,235,20126,604,10341,1930,15824,108239,4,1171,61.25,65.29,34.71,55.24,44.76
Jammu and Kashmir,Kathua,32.51781678321678,75.58901398601404,7,616435,1443,24,1828,540063,7679,109422,64234,2,9551,63.14,58.71,41.29,52.9,47.1
Jammu and Kashmir,Pulwama,33.88414418604652,75.00921860465118,12,560440,1537,35,1109,13840,5863,73629,535159,18,9440,52.45,60.66,39.34,52.29,47.71
Jammu and Kashmir,Punch,33.791241290322574,74.29593161290322,5,476835,346,83,958,32604,2677,62900,431279,2,11188,54.89,62.41,37.59,52.83,47.17
Jammu and Kashmir,Srinagar,34.27312898550724,75.11021159420288,10,1236829,16413,285,2746,42540,24605,165403,1177342,2,12187,60.52,57.68,42.32,52.64,47.36
Jammu and Kashmir,Udhampur,33.04770670731707,75.15286951219511,19,554985,1214,106,1962,489044,6540,73999,59771,235,3418,58.08,61.28,38.72,53.48,46.52
Jharkhand,Bokaro,23.6814965034965,85.98398374125864,355,2062330,9754,1890,13730,1636460,12765,274726,241451,160524,4174,61.75,59.61,40.39,52.02,47.98
Jharkhand,Chatra,24.11619945750453,84.93295804701627,347,1042886,590,35,6565,903179,1835,27037,116710,12936,888,48.91,59.58,40.42,51.2,48.8
Jharkhand,Deoghar,24.33070100755672,86.75697632241814,350,1492073,1944,188,6027,1165140,3075,130193,302626,16067,143,53.18,61.73,38.27,51.94,48.06
Jharkhand,Dhanbad,23.854509090909097,86.40372924901185,354,2684487,11568,331,11243,2149480,11094,427173,431762,77182,9727,64.15,58.93,41.07,52.37,47.63
Jharkhand,Dumka,24.275006125574265,87.27662450229711,362,1321442,1193,267,86404,1044726,2170,62110,106865,78622,234,50.88,60.42,39.58,50.59,49.41
Jharkhand,Garhwa,24.082114689265527,83.68664265536722,346,1322784,565,371,17168,1104475,1764,29373,194680,4591,123,49.4,62.0,38.0,51.68,48.32
Jharkhand,Giridih,24.30578509874329,86.08710915619386,349,2445474,1944,650,14645,1856202,4373,125431,508586,59218,937,51.26,62.53,37.47,51.45,48.55
Jharkhand,Godda,24.8189,87.2941735483871,351,1313551,874,128,37795,937126,2365,43230,289182,47067,97,46.02,62.23,37.77,51.61,48.39
Jharkhand,Gumla,23.078532948929148,84.55056787479396,366,1025213,831,531,202449,309563,1416,31687,51429,457468,221,54.6,57.49,42.51,50.17,49.83
Jharkhand,Jamtara,23.97873318077801,86.95325080091534,363,791042,808,118,4419,550560,1125,49419,164406,68564,520,53.89,60.58,39.42,51.18,48.82
Jharkhand,Latehar,23.72511185840708,84.48298743362837,359,726978,340,128,47653,473049,1169,38194,69808,133525,120,48.24,59.8,40.2,50.85,49.15
Jharkhand,Lohardaga,23.488796043165483,84.6605169064748,356,461790,351,33,16770,112378,666,28769,95012,235987,51,56.24,57.59,42.41,50.38,49.62
Jharkhand,Pakur,24.57260428082189,87.69691969178076,353,900422,328,283,75865,410127,1349,31414,322963,88760,356,39.19,58.66,41.34,50.27,49.73
Jharkhand,Palamu,24.196925968109337,84.20310842824594,358,1939869,2155,188,6164,1683169,4255,68238,238295,5681,734,52.82,60.68,39.32,51.87,48.13
Jharkhand,Ranchi,23.184235061391547,85.31781937244203,364,2914253,22538,932,193974,1612239,21695,350908,410759,677445,4826,65.59,56.78,43.22,51.3,48.7
Jharkhand,Sahibganj,24.93667989690721,87.68264097938142,352,1150567,591,245,83208,628044,2605,34879,398243,38426,198,42.0,59.45,40.55,51.23,48.77
Jharkhand,Simdega,22.608760391198054,84.59193691931536,367,599578,423,753,306601,201524,1096,16865,15103,73930,51,57.29,55.9,44.1,50.09,49.91
Karnataka,Bagalkot,16.15860676328503,75.64526070853468,556,1889752,3745,412,3433,1634229,14687,301389,219991,166,443,58.92,57.61,42.39,50.28,49.72
Karnataka,Bangalore Rural,12.936827087794448,77.47369314775169,583,990923,3729,272,5368,890429,7675,214253,92252,85,389,69.51,55.94,44.06,51.38,48.62
Karnataka,Belgaum,16.16107219152853,74.72329042357275,555,4779661,17560,1086,18418,4038331,50322,808827,528412,149,2037,63.85,56.54,43.46,50.7,49.3
Karnataka,Bellary,15.074377548209377,76.47228471074374,565,2452595,9626,284,14014,2103633,17603,440374,320834,54,1029,57.96,57.22,42.78,50.43,49.57
Karnataka,Bidar,17.950361730769224,77.19459961538459,558,1703300,3971,30453,35438,1289709,17454,271439,335184,521,1145,61.21,57.28,42.72,51.12,48.88
Karnataka,Bijapur,16.84015316666667,75.95909166666665,417,255230,117,1649,2709,245151,501,12516,1617,3793,68,34.06,62.21,37.79,50.41,49.59
Karnataka,Bijapur,16.84015316666667,75.95909166666665,557,2177331,4987,374,2433,1786830,15318,326594,369588,499,558,57.33,58.53,41.47,51.03,48.97
Karnataka,Chikmagalur,13.425288289676422,75.67626502311249,570,1137961,4510,109,26000,1004553,35102,238505,101235,4,182,71.91,53.55,46.45,49.79,50.21
Karnataka,Chitradurga,14.29102220394736,76.57821957236843,566,1659456,5711,84,3175,1520553,19601,307257,128751,128,322,65.53,55.84,44.16,50.67,49.33
Karnataka,Davanagere,14.330414586709884,75.91723841166937,567,1945497,7320,164,5420,1658465,21280,372671,265805,1743,307,67.26,55.07,44.93,50.7,49.3
Karnataka,Dharwad,15.343831376975173,75.13831264108359,562,1847023,15013,715,28747,1390020,30610,347962,386834,2748,1486,70.47,54.68,45.32,50.74,49.26
Karnataka,Gadag,15.507128256880746,75.64861302752298,561,1064570,3373,79,3432,907750,9204,198064,143665,74,231,65.77,56.73,43.27,50.46,49.54
Karnataka,Gulbarga,17.070459515951594,76.87503850385033,579,2566326,9752,9589,8344,2011014,16557,404767,513125,330,826,55.62,58.03,41.97,50.72,49.28
Karnataka,Hassan,12.945098749999998,76.11049549999997,574,1776421,4851,623,15611,1630814,27395,400702,120011,3,289,68.97,54.59,45.41,49.74,50.26
Karnataka,Haveri,14.737582809224318,75.3961230607966,564,1597668,2456,68,2406,1281878,9700,295937,297927,702,419,67.94,55.63,44.37,51.27,48.73
Karnataka,Kodagu,12.39684468085106,75.79336595744688,576,554519,3308,126,17130,448986,24777,113931,87274,220,139,74.46,52.15,47.85,49.52,50.48
Karnataka,Kolar,13.312799881235172,78.01376947743476,581,1536401,5051,150,26722,1305431,22185,309494,199873,92,253,66.14,55.51,44.49,50.53,49.47
Karnataka,Koppal,15.651253271028034,76.1617048598131,560,1389920,2135,85,4081,1218024,9505,223166,161770,461,296,58.21,57.94,42.06,50.36,49.64
Karnataka,Mandya,12.574901806239744,76.81570098522172,573,1805769,3367,299,8506,1712695,15234,391033,77801,109,322,63.67,55.55,44.45,50.12,49.88
Karnataka,Mysore,12.248100259403367,76.52881802853437,577,3001127,28397,16194,39361,2631985,38821,640868,290549,493,1255,65.38,54.21,45.79,50.37,49.63
Karnataka,Raichur,16.050795353982295,76.87368606194688,559,1928812,5200,2265,10394,1634062,12001,314547,272022,29,538,50.8,58.91,41.09,50.01,49.99
Karnataka,Shimoga,14.063845885634592,75.17882078103197,568,1752753,8791,120,26521,1479424,33676,363835,234664,367,400,72.06,53.44,46.56,50.06,49.94
Karnataka,Tumkur,13.592467760074973,77.02297966260545,571,2678980,7971,187,9130,2413812,33669,562769,245923,161,477,67.69,55.48,44.52,50.41,49.59
Karnataka,Udupi,13.450404228534568,74.72009990316337,569,1177361,9070,161,65838,1009179,52148,224814,96740,155,232,78.69,50.27,49.73,47.74,52.26
Kerala,Alappuzha,9.542602965599087,76.38010796263319,598,2127789,28842,146,435056,1460447,151837,507913,224545,311,268,87.08,48.07,51.93,47.61,52.39
Kerala,Ernakulam,10.004879301987431,76.26957729035381,595,3282388,88737,614,1248137,1509557,286440,771287,514397,1083,860,87.0,49.93,50.07,49.34,50.66
Kerala,Idukki,9.80480963855423,77.04586641566264,596,1108974,8250,189,481507,541854,71343,244844,82206,384,100,83.23,51.12,48.88,49.85,50.15
Kerala,Kannur,11.941523076923056,75.35209891725934,589,2523003,32653,1118,262526,1509592,193231,511167,742483,722,424,84.76,47.37,52.63,46.83,53.17
Kerala,Kasaragod,12.33310309912974,75.07768497134369,588,1307375,10378,362,87454,729987,95824,237670,486913,152,151,79.36,49.78,50.22,48.08,51.92
Kerala,Kollam,8.929388820570157,76.6360775852431,600,2635375,31542,272,421598,1697635,192362,630767,508500,619,208,85.01,47.96,52.04,47.32,52.68
Kerala,Kottayam,9.643701174068417,76.46059673302705,597,1974551,37849,358,858608,983598,202339,464039,126499,565,204,88.62,49.24,50.76,49.04,50.96
Kerala,Kozhikode,11.392924270557026,75.71158720159153,591,3086293,36791,235,131516,1734958,238753,641660,1211131,588,297,84.74,48.44,51.56,47.66,52.34
Kerala,Malappuram,10.97329875666072,75.93910775606876,592,4112920,27909,179,81556,1135259,218598,730119,2888849,579,205,80.51,48.24,51.76,47.66,52.34
Kerala,Palakkad,10.784926903553291,76.49980490693744,593,2809934,27162,238,114397,1875980,136371,587583,812936,400,220,79.7,50.13,49.87,48.38,51.62
Kerala,Thiruvananthapuram,8.537101759082221,76.88711502868073,601,3301427,71621,301,630573,2194057,204592,783872,452915,1082,404,84.37,48.64,51.36,47.91,52.09
Kerala,Thrissur,10.458932647907687,76.12321940836945,594,3121200,56148,278,757484,1823442,252806,721625,532839,585,259,85.82,47.87,52.13,47.44,52.56
Kerala,Wayanad,11.715277464788736,76.07587007042254,590,817420,4712,312,174453,404460,47065,149864,234185,286,61,78.98,50.83,49.17,49.14,50.86
Madhya Pradesh,Anuppur,23.18184220430107,81.86560000000007,461,749237,1290,86,2132,686524,3122,81338,21473,35434,606,58.27,58.2,41.8,50.6,49.4
Madhya Pradesh,Ashoknagar,24.63098846153845,77.82974493927134,459,845071,619,1352,635,778214,2830,84720,40707,27,8009,55.51,61.88,38.12,52.52,47.48
Madhya Pradesh,Balaghat,21.80020720640569,80.42170053380796,457,1701698,1712,72162,5295,1519384,7328,277927,38542,58064,1050,67.44,54.59,45.41,49.49,50.51
Madhya Pradesh,Barwani,21.702135714285724,74.91004719710673,441,1385881,1158,416,2967,1318869,3955,181139,58222,263,2361,39.68,57.03,42.97,50.46,49.54
Madhya Pradesh,Betul,21.964626315789477,77.7873428189117,447,1575362,2109,9651,3271,1505745,11232,230974,37590,13048,1078,59.65,56.37,43.63,50.73,49.27
Madhya Pradesh,Bhind,26.35951126187245,78.7618324287653,420,1703005,1166,12215,973,1595400,2561,107819,66776,73,4047,64.29,61.79,38.21,54.42,45.58
Madhya Pradesh,Bhopal,23.480726143790854,77.39246623093679,444,2371061,40788,21688,23432,1755861,45536,452912,525434,335,10789,70.04,55.42,44.58,52.13,47.87
Madhya Pradesh,Burhanpur,21.364567254408065,76.24460478589425,467,757847,986,19883,1199,552526,5140,112420,180840,99,1074,53.93,57.03,42.97,51.26,48.74
Madhya Pradesh,Chhatarpur,24.813637376460004,79.56449299191374,425,1762375,1880,250,1980,1676918,5528,176056,70351,102,968,53.51,60.66,39.34,53.12,46.88
Madhya Pradesh,Chhindwara,22.227966971713823,78.76413136439254,455,2090922,3588,24471,4893,1923920,14617,344875,100692,25771,2258,61.9,56.51,43.49,50.91,49.09
Madhya Pradesh,Damoh,23.76624407960196,79.47049303482588,428,1264219,1432,119,1681,1186420,3985,187731,47966,82,1096,59.14,59.61,40.39,52.35,47.65
Madhya Pradesh,Datia,25.90226439560441,78.63916571428574,422,786754,616,7923,683,747693,2229,97696,28483,10,490,62.46,61.82,38.18,53.4,46.6
Madhya Pradesh,Dewas,22.7851110021322,76.46088805970157,437,1563715,3518,382,2355,1376591,10372,270457,174259,72,2330,59.18,59.51,40.49,51.5,48.5
Madhya Pradesh,Dhar,22.572681718963157,75.1105620736698,438,2185793,2388,328,2261,2051219,10365,349639,116202,88,1607,49.29,59.26,40.74,50.91,49.09
Madhya Pradesh,Dindori,22.83738437047757,81.04332966714911,453,704524,554,61,4238,605435,1438,62372,6736,84006,260,53.75,58.82,41.18,49.95,50.05
Madhya Pradesh,Guna,24.49043927178156,77.2235895968791,458,1241519,2482,529,1208,1172248,5706,144248,49203,52,3271,52.68,61.25,38.75,52.3,47.7
Madhya Pradesh,Gwalior,26.04074441964285,78.12782433035713,421,2032036,15779,4361,4119,1835299,24616,306859,141735,217,24790,66.79,59.17,40.83,53.66,46.34
Madhya Pradesh,Harda,22.227659781121783,77.07022571819435,448,570465,986,93,683,527462,2775,95066,38640,55,676,61.8,57.81,42.19,51.68,48.32
Madhya Pradesh,Hoshangabad,22.595268801996703,78.02168094841929,449,1241350,2871,1550,4453,1175203,7611,198076,52269,107,3127,65.3,57.88,42.12,52.26,47.74
Madhya Pradesh,Indore,22.680265752128648,75.9133801324502,439,3276697,48691,11496,18523,2728225,61876,593576,415142,720,25696,70.47,55.85,44.15,51.87,48.13
Madhya Pradesh,Jabalpur,23.18525572327043,79.98328754716981,451,2463289,20443,4320,23142,2159065,29449,452023,203652,21010,13256,71.31,55.81,44.19,51.85,48.15
Madhya Pradesh,Jhabua,22.419578015397768,74.40921616766468,464,1025048,744,65,38423,960925,2661,125411,15733,388,141,34.35,60.95,39.05,50.24,49.76
Madhya Pradesh,Katni,23.724416229116937,80.33819665871127,450,1292042,2179,157,3158,1240650,4990,172416,37232,2643,1167,61.2,58.24,41.76,51.24,48.76
Madhya Pradesh,Mandla,22.70348712446353,80.38600543633753,454,1054905,912,297,12450,849518,3516,143803,16558,170533,436,57.35,57.53,42.47,49.79,50.21
Madhya Pradesh,Mandsaur,24.19278764044944,75.43588667736759,433,1340411,2324,242,1120,1192588,12689,239885,125548,77,849,62.26,60.26,39.74,50.94,49.06
Madhya Pradesh,Morena,26.37313504531724,77.88447341389724,419,1965970,1781,3234,1092,1875495,4355,131486,76159,92,557,60.01,63.38,36.62,54.35,45.65
Madhya Pradesh,Neemuch,24.70311893333336,75.06608186666664,432,826067,1945,224,1508,741288,10771,145258,67324,115,1110,61.6,60.51,39.49,51.16,48.84
Madhya Pradesh,Panna,24.451325840092657,80.21133001158752,426,1016520,653,37,418,974748,2054,76097,35214,218,186,54.36,60.11,39.89,52.48,47.52
Madhya Pradesh,Raisen,23.292518206521724,78.16305495923909,446,1331597,1141,253,1725,1195235,3143,194373,120331,190,2262,61.6,58.41,41.59,52.6,47.4
Madhya Pradesh,Rajgarh,23.785499026425583,76.66431223922116,442,1545814,1611,121,1243,1433879,5656,231130,106928,50,460,52.03,60.78,39.22,51.12,48.88
Madhya Pradesh,Ratlam,23.503562290502792,75.14895782122909,434,1455069,3644,175,3996,1267043,12153,213825,151071,123,1353,56.76,58.74,41.26,50.74,49.26
Madhya Pradesh,Rewa,24.861184625158856,81.57572465057183,430,2365106,3406,986,1964,2268838,10542,251132,85414,232,832,60.96,58.65,41.35,51.8,48.2
Madhya Pradesh,Sagar,23.800318709677374,78.71940357771273,427,2378458,4546,991,5580,2198297,11125,366494,103480,168,4146,64.99,58.78,41.22,52.82,47.18
Madhya Pradesh,Satna,24.62777621776502,80.75547048710598,429,2228935,3754,364,2228,2158623,11987,294702,59471,1689,1163,61.54,58.39,41.61,51.93,48.07
Madhya Pradesh,Sehore,22.9297199679658,77.06780202883085,445,1311332,1566,357,1404,1163607,7295,212138,137980,66,640,59.51,60.13,39.87,52.14,47.86
Madhya Pradesh,Seoni,22.33230487804874,79.66053863928111,456,1379131,1182,7288,1857,1145052,6431,228695,79739,135315,360,62.66,56.16,43.84,50.46,49.54
Madhya Pradesh,Shahdol,23.44859864559819,81.4596831828442,460,1066063,1733,268,2372,997073,3684,113184,42426,19448,912,56.68,57.72,42.28,50.66,49.34
Madhya Pradesh,Shajapur,23.566620317220547,76.33555181268885,436,1512681,1382,179,815,1321003,7213,232735,174724,66,631,59.14,60.75,39.25,51.6,48.4
Madhya Pradesh,Sheopur,25.78014810996563,77.16911116838484,418,687861,273,201,230,638702,1332,74770,41396,40,6387,47.69,63.47,36.53,52.6,47.4
Madhya Pradesh,Shivpuri,25.37802451874367,77.74861600810549,423,1726050,1852,3421,1117,1648749,5680,148128,51200,72,7151,52.19,63.63,36.37,53.29,46.71
Madhya Pradesh,Sidhi,24.17547189952905,82.1053783359498,462,1127033,837,92,511,1077545,2097,102228,34419,12556,128,53.31,58.76,41.24,51.1,48.9
Madhya Pradesh,Tikamgarh,25.14099852104666,78.89357064846428,424,1445166,1090,109,588,1383475,2830,132725,44143,39,251,51.75,61.42,38.58,52.61,47.39
Madhya Pradesh,Ujjain,23.319288862745065,75.80383717647058,435,1986864,7501,945,4659,1718204,22041,323379,233133,211,3241,62.46,58.89,41.11,51.15,48.85
Madhya Pradesh,Umaria,23.59601063063061,80.90879477477475,431,644758,839,70,667,620515,2139,67975,15966,6028,190,55.32,59.13,40.87,51.29,48.71
Madhya Pradesh,Vidisha,23.82838307984792,77.9013507604563,443,1458875,1926,295,1313,1287391,6742,181510,149548,70,914,59.15,59.37,40.63,52.75,47.25
Maharashtra,Akola,20.746310479041902,77.12122320359276,501,1813906,6163,328033,4483,1107809,16617,314490,357253,389,1504,77.8,53.78,46.22,51.4,48.6
Maharashtra,Amravati,21.16520991810736,77.67583503184723,503,2888445,9438,383891,7223,2055177,31416,512492,421410,3288,2242,77.96,53.6,46.4,51.27,48.73
Maharashtra,Bhandara,21.211792649727748,80.10950199637024,506,1200334,2932,154458,2145,1009352,10568,227025,26502,3555,831,74.97,54.31,45.69,50.45,49.55
Maharashtra,Bid,18.952353340080982,75.69319706477731,523,2585049,5614,68482,2097,2174672,22887,402052,320395,399,824,66.48,57.44,42.56,52.19,47.81
Maharashtra,Buldana,20.56680611183355,76.39017880364096,500,2586258,4767,364229,3531,1845424,19950,423036,354236,522,1668,72.69,55.8,44.2,51.72,48.28
Maharashtra,Chandrapur,20.095609090909075,79.31556380471388,509,2204307,8239,286734,10701,1780085,21209,418666,92297,23188,5251,71.62,55.27,44.73,50.98,49.02
Maharashtra,Dhule,21.274018690400517,74.58719071837263,498,2050862,6065,13405,3653,1825460,18343,315332,187901,912,1422,63.09,55.91,44.09,51.39,48.61
Maharashtra,Gondiya,21.225008411214997,80.17522698598128,507,1322507,2866,125282,1827,1153861,8854,239981,26157,5080,2160,75.93,54.05,45.95,50.02,49.98
Maharashtra,Hingoli,19.59525302245251,77.09239412780653,512,1177345,1221,176679,992,863199,4797,159114,127552,103,643,67.16,56.98,43.02,51.5,48.5
Maharashtra,Jalgaon,20.8828943415638,75.55140421810695,499,4229917,14297,143865,7091,3457615,58630,720791,560261,9662,3091,68.37,56.34,43.66,51.95,48.05
Maharashtra,Jalna,19.984612534818933,75.98473607242339,514,1959046,3791,152540,12542,1504641,32267,288895,274221,336,1629,61.03,58.5,41.5,51.63,48.37
Maharashtra,Kolhapur,16.44881301587301,74.12897150793648,530,3876001,22269,29766,15573,3379906,89659,770005,286558,1274,1570,72.91,55.2,44.8,51.1,48.9
Maharashtra,Latur,18.348687268993856,76.75812607802874,524,2454196,6217,66535,2387,2006984,23165,381722,367664,310,935,67.26,56.49,43.51,51.88,48.12
Maharashtra,Nagpur,21.196556862745105,79.02166176470584,505,4653570,57964,668050,34667,3492202,91604,917626,390974,12181,20469,78.95,53.33,46.67,51.25,48.75
Maharashtra,Nanded,19.209316983017,77.6829048951049,511,3361292,7548,354189,3902,2501741,21313,488748,471951,1273,13540,65.14,57.33,42.67,51.47,48.53
Maharashtra,Nandurbar,21.523175625248147,74.32638757443429,497,1648295,2579,4969,8467,1521618,9349,186202,96182,2907,685,55.0,56.49,43.51,50.55,49.45
Maharashtra,Nashik,20.266912871287143,74.03824168316828,516,6107187,45039,94783,23946,5237009,73768,904710,693052,1795,8912,71.15,55.17,44.83,51.7,48.3
Maharashtra,Osmanabad,18.19459456066944,75.99495575313809,525,1657576,3209,28216,942,1437623,14906,240042,178925,195,340,68.64,56.63,43.37,51.98,48.02
Maharashtra,Parbhani,19.31032425249168,76.70163338870431,513,1836086,3982,187899,2081,1328385,13530,272486,306364,262,1371,63.06,57.55,42.45,51.35,48.65
Maharashtra,Pune,18.51696171428573,74.12922881632647,521,9429408,235018,340404,134192,8090254,210257,1925019,673704,9873,27090,76.06,54.94,45.06,52.22,47.78
Maharashtra,Ratnagiri,17.210195070127703,73.25725893866404,528,1615069,7752,113467,1990,1307211,46494,367352,187197,95,230,74.26,51.61,48.39,47.13,52.87
Maharashtra,Sangli,17.154930181086502,74.70713822937628,531,2822143,13212,38210,9098,2440312,52357,485126,239607,769,1260,72.62,54.72,45.28,50.87,49.13
Maharashtra,Satara,17.6737908974359,74.18052064102558,527,3003741,14093,141315,4408,2691952,50076,562653,146970,676,1182,74.1,53.96,46.04,50.3,49.7
Maharashtra,Sindhudurg,16.170948049777163,73.51329008172343,529,849651,3517,24762,15471,780384,20150,194228,26264,53,219,78.39,52.29,47.71,49.12,50.88
Maharashtra,Solapur,17.837357937584812,75.42394823609216,526,4317756,15145,35497,9882,3795424,40507,595560,441254,568,1279,67.41,56.73,43.27,51.6,48.4
Maharashtra,Thane,19.698767747440264,72.79882742564581,517,11060148,256170,449617,280700,8716055,330833,2231800,1355630,9862,39149,74.39,55.81,44.19,53.03,46.97
Maharashtra,Wardha,20.80743024390242,78.57259105691062,504,1300774,4313,175417,2696,1057096,16802,266155,53854,2254,2147,78.37,54.21,45.79,51.38,48.62
Maharashtra,Washim,20.282282394366213,77.25502394366208,502,1197160,1875,179330,1707,859949,6965,196022,142672,381,518,72.67,56.06,43.94,51.81,48.19
Maharashtra,Yavatmal,20.04258346738159,78.05326371760479,510,2772348,6094,249874,4567,2251401,19991,446516,239236,3745,1596,72.96,55.18,44.82,51.22,48.78
Manipur,Bishnupur,24.50712111801243,93.8246236024845,275,237399,676,76,4264,175102,843,34364,18691,38457,56,65.85,55.85,44.15,50.03,49.97
Manipur,Chandel,24.2635812987013,94.09443844155844,280,144182,184,400,129049,10810,553,18764,3086,354,136,62.63,56.54,43.46,51.73,48.27
Manipur,Churachandpur,24.30309718875504,93.38671506024085,274,274143,837,495,254979,12034,1382,29894,2886,2333,152,71.47,53.09,46.91,50.64,49.36
Manipur,Senapati,25.08465586034914,94.03366234413956,272,479148,256,2409,426819,43833,484,22798,1649,1243,140,55.2,55.96,44.04,51.62,48.38
Manipur,Tamenglong,24.98312942238265,93.49450740072204,273,140651,125,425,134760,2995,475,11541,589,1144,59,60.44,55.76,44.24,51.45,48.55
Manipur,Thoubal,24.545392553191498,93.97959893617023,276,422168,880,114,4322,267146,1422,49507,107323,42347,106,63.79,56.67,43.33,49.94,50.06
Manipur,Ukhrul,25.05900314960629,94.44129566929138,279,183998,276,635,174112,7553,490,14026,1115,32,108,70.56,54.03,45.97,51.48,48.52
Meghalaya,East Garo Hills,25.82728228228228,90.64684924924916,294,317917,288,1004,289708,17272,705,24550,3359,5617,56,60.44,53.35,46.65,50.71,49.29
Meghalaya,East Khasi Hills,25.303763888888884,91.75922519841272,298,825922,5032,3111,543394,144935,5907,135941,14185,115597,2495,69.99,49.7,50.3,49.73,50.27
Meghalaya,Jaintia Hills,25.33959557069844,92.37608160136298,299,395124,510,284,271596,12456,654,41677,1646,107559,34,47.46,46.59,53.41,49.68,50.32
Meghalaya,South Garo Hills,25.240568578553614,90.64560349127176,295,142334,179,332,132984,7036,470,10940,1050,362,27,57.65,54.84,45.16,51.41,48.59
Meghalaya,West Garo Hills,25.495285185185185,90.03709947089942,293,643291,1630,3392,389956,122936,3620,51301,106788,16950,209,55.76,53.93,46.07,50.39,49.61
Meghalaya,West Khasi Hills,25.500889926739926,91.25364542124538,296,383461,149,1313,366881,6498,675,32873,1533,5878,58,60.16,50.85,49.15,50.52,49.48
Mizoram,Aizawl,23.90781335453101,92.85359459459472,283,400309,4019,1570,379134,13249,8462,79804,5264,505,105,85.08,49.78,50.22,49.78,50.22
Mizoram,Champhai,23.54166580976866,93.24221799485862,284,125745,186,151,123446,1075,1338,23948,699,194,9,80.16,51.03,48.97,50.41,49.59
Mizoram,Kolasib,24.2020004347826,92.73470391304348,282,83955,367,108,75210,4000,1288,14853,4426,46,16,78.49,51.82,48.18,51.12,48.88
Mizoram,Lawngtlai,22.36102843137253,92.66964156862753,287,117894,162,51549,63892,1668,870,9283,522,2,52,53.32,57.98,42.02,51.4,48.6
Mizoram,Lunglei,23.007717036172675,92.63512555425892,286,161428,482,27543,127124,5231,1851,26394,1290,5,74,75.03,53.26,46.74,51.35,48.65
Mizoram,Mamit,23.73852942502819,92.4330803833147,281,86364,90,12328,69104,2989,467,12158,1782,19,13,69.69,54.79,45.21,51.91,48.09
Mizoram,Saiha,22.35744801061008,93.02827931034489,288,56574,168,102,54977,933,591,7400,514,2,11,74.65,51.76,48.24,50.54,49.46
Mizoram,Serchhip,23.263864705882344,92.914158496732,285,64937,131,60,63444,991,941,12315,335,35,6,83.89,50.66,49.34,50.59,49.41
Nagaland,Dimapur,25.814176811594223,93.75074057971014,265,378811,3303,1270,234239,108900,4861,71413,31212,157,566,73.4,54.0,46.0,52.11,47.89
Nagaland,Kohima,25.60311428571428,93.78600657596373,270,267988,1928,1519,234955,25496,1884,50724,4384,335,998,73.69,54.2,45.8,51.86,48.14
Nagaland,Mokokchung,26.478911764705888,94.522426006192,262,194622,537,442,181847,9840,1683,40154,2057,6,78,81.95,52.34,47.66,51.94,48.06
Nagaland,Mon,26.69207374301676,95.03072988826828,261,250260,178,1256,236494,8102,476,14398,3444,1,84,47.8,56.37,43.63,52.65,47.35
Nagaland,Phek,25.63272986577182,94.56814563758392,266,163418,170,350,158224,3563,1100,36182,950,198,31,64.8,54.7,45.3,51.24,48.76
Nagaland,Tuensang,26.21104453280316,94.85809880715708,267,196596,155,572,191864,2979,541,24998,1052,1,27,59.77,54.17,45.83,51.85,48.15
Nagaland,Wokha,26.202611551155112,94.1990815181518,264,166343,198,318,158236,5605,552,25268,2043,20,34,77.07,52.56,47.44,50.8,49.2
Nagaland,Zunheboto,26.028178205128206,94.50026666666668,263,140757,261,286,136995,2580,940,28846,772,2,39,73.09,52.01,47.99,50.6,49.4
Orissa,Baleshwar,21.48570932311624,87.08085828011933,377,2320529,7370,111,6434,2197709,12706,296834,94254,18345,237,69.86,55.66,44.34,51.1,48.9
Orissa,Bhadrak,20.95262735257214,86.81496204516931,378,1506337,2637,81,745,1398543,5862,164636,104202,61,169,72.64,54.5,45.5,50.47,49.53
Orissa,Cuttack,20.407640646029623,85.7776810228802,381,2624470,15046,6276,11985,2457729,25051,349587,141263,168,1026,76.64,54.84,45.16,51.54,48.46
Orissa,Dhenkanal,20.79887159353349,85.53226836027711,383,1192811,1810,366,727,1185542,5886,117172,4805,139,124,69.58,55.92,44.08,51.36,48.64
Orissa,Gajapati,19.121080882352945,84.14015091911759,389,577817,635,2180,219482,353160,1942,63112,1556,4,53,45.44,58.53,41.47,48.96,51.04
Orissa,Ganjam,19.2632617564534,84.80297710437702,388,3529031,9049,174,23975,3486059,18737,405298,13315,76,590,62.62,57.13,42.87,50.42,49.58
Orissa,Jharsuguda,21.827058566978184,83.93581682242987,371,579505,2498,80,10462,553587,4110,81433,12783,67,1441,70.04,56.2,43.8,51.2,48.8
Orissa,Kalahandi,19.784253092783523,83.1124043814433,395,1576869,1953,175,11160,1555367,3527,91171,4975,220,796,50.86,60.37,39.63,49.92,50.08
Orissa,Kandhamal,20.092878624813142,84.02216352765326,390,733110,768,290,148895,580300,3233,28736,2138,23,82,54.53,58.51,41.49,49.1,50.9
Orissa,Kendrapara,20.606319815982264,86.83763247572003,379,1440361,1628,62,1423,1386792,5149,173107,50247,24,169,75.62,53.24,46.76,49.84,50.16
Orissa,Khordha,20.054162322274863,85.52234834123229,386,2251673,35701,475,12527,2147632,36538,349860,84060,434,1264,77.72,54.72,45.28,51.83,48.17
Orissa,Koraput,18.82627794779476,82.81278469846964,398,1379647,3988,219,68550,1294151,9936,85766,8850,3384,518,41.18,60.0,40.0,49.2,50.8
Orissa,Malkangiri,18.25227930367506,81.98293636363628,399,613192,448,43,10039,600219,982,24604,1871,35,213,39.91,60.07,39.93,49.52,50.48
Orissa,Mayurbhanj,21.897621545157754,86.4030408052231,376,2519738,2950,162,15008,2113079,8343,140189,33706,351714,661,54.35,57.99,42.01,49.85,50.15
Orissa,Nayagarh,20.192895622119817,85.05614700460825,385,962789,1163,33,383,955754,3300,124984,5278,12,107,71.5,57.0,43.0,52.21,47.79
Orissa,Nuapada,20.471309512195116,82.59152536585364,394,610382,757,76,1778,601092,1055,43976,4952,22,724,49.05,60.43,39.57,49.47,50.53
Orissa,Puri,19.83509174603177,85.86698989898981,387,1698730,3416,243,4239,1644905,9678,201605,46094,302,193,76.05,54.56,45.44,50.94,49.06
Orissa,Rayagada,19.292840020060204,83.45860120361095,396,967911,1553,249,84916,874445,5146,61543,4607,44,219,42.13,59.34,40.66,48.76,51.24
Orissa,Sambalpur,21.515752380952385,84.34958483245157,372,1041099,5231,310,50637,964188,8628,126498,20120,1117,2506,67.59,55.88,44.12,50.61,49.39
Orissa,Sundargarh,22.06354819277107,84.50524819277099,374,2093437,12787,710,385011,1532352,13721,223537,71391,89986,5713,64.12,55.88,44.12,50.69,49.31
Puducherry,Karaikal,10.876161726078813,79.82369793621002,637,200222,1868,63,18391,152638,6985,47880,28835,14,46,77.37,51.58,48.42,48.85,51.15
Puducherry,Mahe,12.006420793787758,75.28275021570326,636,41816,574,21,958,27940,3182,7150,12856,3,3,87.22,45.54,54.46,45.78,54.22
Puducherry,Yanam,16.707695652173904,82.26187304347832,634,55626,207,1,873,53537,522,12859,1191,4,3,70.6,50.72,49.28,49.08,50.92
Punjab,Amritsar,31.548679820627772,74.79883856502238,49,2490656,29961,876,54344,690939,39155,461231,12502,1044,1716935,67.64,55.38,44.62,52.93,47.07
Punjab,Bathinda,30.190524611973352,75.05685898004438,46,1388525,11284,246,2474,380569,29316,255650,16299,559,984286,60.85,57.79,42.21,53.52,46.48
Punjab,Faridkot,30.591187250996025,74.79751553784862,45,617508,4348,155,1227,141363,16563,113549,3125,103,469789,61.75,56.59,43.41,52.9,47.1
Punjab,Fatehgarh Sahib,30.64290947368421,76.36208394736842,40,600163,5138,48,1698,152851,16153,113683,16808,251,427521,70.99,56.03,43.97,53.45,46.55
Punjab,Firozpur,30.63407535211269,74.40245732394365,43,2029074,10042,454,19358,906408,35063,349662,6844,278,1090815,60.5,57.6,42.4,52.81,47.19
Punjab,Gurdaspur,32.04283371212125,75.3204064393939,35,2298323,14428,405,176587,1074332,49386,411216,27667,812,1002874,71.13,55.52,44.48,52.76,47.24
Punjab,Hoshiarpur,31.55157169811319,75.8469857442349,38,1586625,13747,3476,14968,1000743,59253,319930,23089,531,538208,75.61,53.17,46.83,50.99,49.01
Punjab,Jalandhar,31.250336907216507,75.54400350515463,37,2193590,39082,11385,26016,1394329,79140,446200,30233,805,718363,73.97,54.4,45.6,52.21,47.79
Punjab,Kapurthala,31.336592638036837,75.47641165644177,36,815168,9732,6662,5445,336124,24128,161206,10190,334,453692,70.73,54.85,45.15,52.3,47.7
Punjab,Ludhiana,30.76596397379912,75.83110851528383,41,3498739,58589,2007,16517,1502403,115834,703624,77713,1254,1863408,73.18,55.79,44.21,53.39,46.61
Punjab,Mansa,29.919547714285724,75.4304922857143,47,769751,2673,123,917,156539,10368,140099,10375,493,598443,55.03,57.62,42.38,53.1,46.9
Punjab,Moga,30.756540067340065,75.1600845117845,42,995746,7897,178,3277,158414,22668,183396,9388,365,818921,63.06,55.51,44.49,52.82,47.18
Punjab,Muktsar,30.31243303303303,74.5518747747748,44,901896,4571,240,1681,254920,18693,166585,4333,433,638625,58.19,57.24,42.76,52.74,47.26
Punjab,Patiala,30.214540380693364,76.27505893949697,48,1895686,24274,245,5683,783306,42077,352929,40043,1410,1059944,66.82,56.13,43.87,52.88,47.12
Punjab,Rupnagar,30.910937330754347,76.53743500967126,51,684627,6600,118,2094,304481,19540,129123,14492,143,361045,73.43,55.4,44.6,52.22,47.78
Punjab,Sangrur,30.185045204336895,75.89437014178496,53,1655169,10736,268,2406,389410,56086,305557,179116,1038,1077438,60.54,56.92,43.08,53.05,46.95
Rajasthan,Ajmer,26.199300378787903,74.6990419191919,119,2583052,13499,417,10605,2201663,40909,393498,314159,184,6799,59.1,60.67,39.33,51.26,48.74
Rajasthan,Alwar,27.55271738035265,76.65359630562563,104,3674179,9750,4384,2696,3039279,33184,485723,547335,348,64532,59.4,62.31,37.69,52.77,47.23
Rajasthan,Banswara,23.453642032967014,74.44246868131869,125,1797485,2324,138,22250,1701234,8885,120603,48834,109,427,46.14,61.96,38.04,50.5,49.5
Rajasthan,Baran,24.98023243243244,76.86210651828291,128,1222755,1363,84,1432,1133349,5247,161310,79984,48,3066,56.7,62.4,37.6,51.85,48.15
Rajasthan,Barmer,25.77070908045978,71.50297126436782,115,2603751,2766,157,1157,2244882,13507,126494,321192,34,450,45.64,65.93,34.07,52.58,47.42
Rajasthan,Bharatpur,27.32411858037578,77.21752077244258,105,2548462,4179,899,1576,2143046,14311,288723,371286,18,23456,58.11,63.74,36.26,53.2,46.8
Rajasthan,Bhilwara,25.45119767759564,74.63947595628417,122,2408523,6207,183,1978,2224839,27770,373644,142427,60,1468,52.15,61.9,38.1,50.68,49.32
Rajasthan,Bikaner,28.12489068322981,73.26943322981371,101,2363937,7607,285,1901,2073356,19699,220793,235741,79,20072,54.1,61.18,38.82,52.49,47.51
Rajasthan,Bundi,25.48580716049379,75.79984074074079,121,1110906,1392,144,682,1017688,7851,136969,66609,24,11059,52.66,63.53,36.47,51.95,48.05
Rajasthan,Chittaurgarh,24.631623761665463,74.80010997846382,126,1544338,4941,252,1274,1413163,17761,268172,97855,136,1515,53.22,62.65,37.35,50.71,49.29
Rajasthan,Churu,28.29330375536484,74.65846427038629,102,2039547,2577,188,958,1777879,20477,231696,249736,127,402,56.35,60.62,39.38,51.55,48.45
Rajasthan,Dausa,26.91234817629181,76.57342097264443,109,1634409,1719,94,439,1582335,7819,195277,45488,115,296,57.39,63.64,36.36,52.48,47.52
Rajasthan,Dhaulpur,26.72397054945053,77.74476219780222,106,1206516,1330,92,688,1127520,4047,96086,72258,21,1356,56.62,63.79,36.21,54.18,45.82
Rajasthan,Dungarpur,23.75104807692308,73.84765641025645,124,1388552,1477,226,830,1340065,7432,141275,28662,853,240,49.09,61.01,38.99,50.16,49.84
Rajasthan,Ganganagar,29.256785412667963,73.56192303262948,99,1969168,6295,938,2077,1437144,31301,283142,50688,164,474853,60.6,59.57,40.43,52.98,47.02
Rajasthan,Hanumangarh,29.1813351791531,74.74632573289902,100,1774692,3360,241,1542,1433067,22065,243163,118673,138,216997,58.27,60.37,39.63,52.47,47.53
Rajasthan,Jaipur,27.033459290187885,75.77117286012533,110,6626178,76565,1020,12708,5819980,128107,990085,687452,257,18782,64.91,59.4,40.6,52.35,47.65
Rajasthan,Jaisalmer,26.86900838548185,71.18371877346682,114,669919,754,98,874,497045,4016,43141,168129,34,1723,46.07,68.17,31.83,53.99,46.01
Rajasthan,Jalor,25.07578093797277,72.18647261724662,116,1828730,1585,144,730,1732852,9228,161845,78990,82,231,45.36,65.57,34.43,51.22,48.78
Rajasthan,Jhalawar,24.24725541474657,76.11242891705065,129,1411129,1750,46,842,1299751,9194,220428,96164,42,819,52.43,63.1,36.9,51.39,48.61
Rajasthan,Jhunjhunun,28.13517401247401,75.52840893970894,103,2137045,4828,56,1004,1905682,36248,297559,228178,85,275,64.12,59.53,40.47,51.28,48.72
Rajasthan,Jodhpur,26.678460838536967,73.00450847457628,113,3687165,19335,514,6035,3224399,42174,408808,411558,80,4123,55.1,62.31,37.69,52.18,47.82
Rajasthan,Karauli,26.51901555555556,76.96081818181815,107,1458248,1059,70,602,1370977,6011,132079,81553,413,297,55.26,66.01,33.99,53.74,46.26
Rajasthan,Kota,25.175718080000014,76.18618928000001,127,1951014,12843,280,5665,1661307,27038,339899,243993,286,11058,66.55,58.95,41.05,52.34,47.66
Rajasthan,Nagaur,27.07862016048146,74.14215667001012,112,3307743,4449,163,1912,2833443,27155,347344,454487,276,366,53.17,62.71,37.29,51.28,48.72
Rajasthan,Pali,25.80490393541874,73.55285640766907,118,2037573,4043,141,1345,1870543,28588,326793,143476,52,1540,53.28,61.47,38.53,50.33,49.67
Rajasthan,Rajsamand,25.24894767441859,73.96570215946844,123,1156597,1989,100,759,1105676,9554,193276,33677,68,260,53.53,61.91,38.09,50.26,49.74
Rajasthan,Sawai Madhopur,26.251081180223288,76.4219283891548,108,1335551,1887,177,945,1165505,8356,140947,155681,42,812,55.54,65.55,34.45,52.71,47.29
Rajasthan,Sikar,27.64644058641976,75.29317422839503,111,2677333,5647,177,1122,2342076,34184,339457,327583,15,356,61.71,60.24,39.76,51.36,48.64
Rajasthan,Sirohi,24.7976905263158,72.75309131578943,117,1036346,2146,114,1284,996562,9105,134089,30479,56,572,46.01,64.99,35.01,51.55,48.45
Rajasthan,Tonk,26.153935071707927,75.79192216427637,120,1421326,1908,122,754,1243527,10528,158264,153146,30,378,52.74,63.81,36.19,51.23,48.77
Rajasthan,Udaipur,24.44076752136749,73.84029839743584,130,3068420,14211,209,7406,2869976,32475,357846,104307,373,4278,51.58,61.51,38.49,51.06,48.94
Sikkim,East,27.29600352941175,88.74908392156858,93,1709346,80037,2643,15792,1410852,79700,352758,178807,366,53027,79.15,55.31,44.69,53.09,46.91
Tamil Nadu,Ariyalur,11.190514836795256,79.22249643916912,616,754894,1749,88,37403,708397,7216,177502,7942,42,104,63.67,56.09,43.91,49.64,50.36
Tamil Nadu,Chennai,13.058098905608748,80.28139151846806,603,4646732,217368,2804,358662,3751322,214074,1096334,439270,1759,2851,81.27,52.12,47.88,50.27,49.73
Tamil Nadu,Coimbatore,10.871376995940452,77.07619012178621,632,3458045,63273,435,190314,3044145,90704,896325,211035,237,1112,76.23,52.91,47.09,50.01,49.99
Tamil Nadu,Cuddalore,11.57587300613498,79.63002365371497,617,2605914,15396,236,83334,2391675,29494,598412,123749,138,401,69.66,55.11,44.89,50.34,49.66
Tamil Nadu,Dharmapuri,12.300141200000006,78.11509813333339,630,1506843,3651,39,14089,1452956,16103,337972,38304,87,164,60.9,57.49,42.51,51.39,48.61
Tamil Nadu,Dindigul,10.377801390820574,77.78011279554937,612,2159775,9155,256,169945,1879494,20547,500057,105012,138,313,68.61,55.08,44.92,50.05,49.95
Tamil Nadu,Erode,11.267012155963302,77.42034334862392,610,2251744,18604,148,55899,2115455,54771,595211,76098,157,435,66.29,55.49,44.51,50.18,49.82
Tamil Nadu,Kancheepuram,12.496424756511884,80.08820360135913,604,3998252,100322,990,256762,3537399,103399,961161,173785,756,1620,75.37,53.48,46.52,50.35,49.65
Tamil Nadu,Kanniyakumari,8.183466300191206,77.32053064053538,629,1870374,15673,438,876299,909872,46496,465692,78590,10,160,82.8,50.4,49.6,49.53,50.47
Tamil Nadu,Karur,10.79532776617955,78.08749686847604,613,1064493,4915,29,16483,993666,13620,264949,53292,79,115,68.3,55.25,44.75,49.62,50.38
Tamil Nadu,Madurai,9.904313833333331,78.01366033333332,623,3038252,34097,199,97711,2760502,47472,754141,168881,305,520,74.83,53.83,46.17,50.24,49.76
Tamil Nadu,Nagapattinam,10.789468161718286,79.79437299431483,618,1616450,5585,450,47579,1435072,35755,381940,128617,110,184,75.04,52.84,47.16,49.38,50.62
Tamil Nadu,Namakkal,11.33766638477801,78.14624841437633,609,1726601,8960,108,16909,1673652,29271,441044,32483,199,183,68.12,55.55,44.45,50.35,49.65
Tamil Nadu,Perambalur,11.260137758112096,78.86034011799416,615,565223,1507,39,10301,521658,5841,135751,32702,26,83,66.49,55.35,44.65,49.92,50.08
Tamil Nadu,Pudukkottai,10.130514816433578,79.05444484265728,621,1618345,4494,81,72850,1428784,18996,354493,114194,293,119,68.62,54.82,45.18,49.63,50.37
Tamil Nadu,Ramanathapuram,9.31286995153476,78.99185362412462,626,1353445,5172,86,91139,1047411,16266,291400,208038,36,154,72.33,54.8,45.2,50.44,49.56
Tamil Nadu,Salem,11.629324202127655,78.2478257978723,608,3482056,20660,174,53841,3326357,46638,835377,95487,246,412,65.64,56.23,43.77,51.16,48.84
Tamil Nadu,Sivaganga,9.960306580645158,78.56535729032255,622,1339101,5773,80,75481,1186078,20071,314270,74310,24,150,71.67,54.84,45.16,49.93,50.07
Tamil Nadu,Thanjavur,10.387692255892237,79.3194869107745,620,2405890,13495,795,133971,2075870,42853,555582,190814,148,231,74.44,52.72,47.28,49.15,50.85
Tamil Nadu,Theni,9.924066666666668,77.43458833333332,624,1245899,4667,79,37574,1148990,10191,312310,56751,74,152,69.84,55.1,44.9,50.22,49.78
Tamil Nadu,Thiruvallur,13.275858101752885,80.19724702864492,602,3728104,75634,951,233633,3325823,78827,909400,143093,530,1422,74.88,53.58,46.42,50.32,49.68
Tamil Nadu,Thiruvarur,10.368927409395978,79.60322893959727,619,1264277,4416,151,33192,1132785,32084,303114,96092,64,258,74.86,53.15,46.85,49.57,50.43
Tamil Nadu,Tiruvannamalai,12.419318947368414,79.23265631578953,606,2464875,6445,157,66987,2294369,19983,549077,91636,110,232,66.0,55.93,44.07,50.14,49.86
Tamil Nadu,Vellore,12.784882632293078,79.02643283582084,605,3936331,20623,438,111390,3397857,45832,865913,414760,251,676,70.47,54.23,45.77,49.84,50.16
Tamil Nadu,Virudhunagar,9.468872195892564,77.87641469194315,625,1942288,10219,87,67405,1822626,23643,505950,47838,75,245,72.02,54.36,45.64,49.82,50.18
Tripura,Dhalai,23.781360477941163,91.94654283088232,291,378230,273,39120,22940,307120,2013,46875,8256,206,175,73.03,54.9,45.1,51.44,48.56
Tripura,North Tripura,24.121739755351683,92.17842538226292,292,693947,997,34717,44062,507967,4970,81601,105737,70,151,74.99,52.97,47.03,50.85,49.15
Tripura,South Tripura,23.211874098057383,91.6065807585568,290,876001,948,49420,39258,736015,5076,133744,49258,808,245,73.84,54.28,45.72,51.09,48.91
Tripura,West Tripura,23.780166241299337,91.41310788863107,289,1725739,6394,2128,53622,1512801,15422,314567,152791,430,499,78.89,53.11,46.89,50.96,49.04
Uttar Pradesh,Agra,26.99512974910393,78.05278291517321,146,4418797,27183,4049,10076,3922718,26713,536402,411313,384,12057,60.66,60.23,39.77,53.52,46.48
Uttar Pradesh,Aligarh,27.93748576850093,78.00146831119557,143,3673889,13634,2582,7635,2904140,14169,268120,729283,91,5875,56.96,61.33,38.67,53.13,46.87
Uttar Pradesh,Allahabad,25.392038662316445,82.05172446982063,175,5954391,24122,4391,13782,5102041,25302,391542,796756,305,4377,61.56,60.0,40.0,52.6,47.4
Uttar Pradesh,Ambedkar Nagar,26.39119025974028,82.68282142857147,178,2397888,2509,1817,2536,1985654,5974,99581,401678,33,869,62.01,56.94,43.06,50.56,49.44
Uttar Pradesh,Auraiya,26.66892394014961,79.42637057356607,162,1379545,2404,332,1004,1273546,4232,65479,101963,444,371,67.47,58.68,41.32,53.64,46.36
Uttar Pradesh,Azamgarh,26.008290954773837,83.01220251256285,191,4613913,6652,5652,3810,3878626,12525,183381,718692,226,719,60.08,56.26,43.74,49.52,50.48
Uttar Pradesh,Baghpat,29.045793499999988,77.30266300000001,139,1303048,2989,161,1840,917474,5073,119121,364583,25,483,61.24,61.39,38.61,53.73,46.27
Uttar Pradesh,Bahraich,27.691776300578027,81.46779783237004,180,3487731,2681,2793,6400,2291892,7146,85814,1169330,38,8212,40.09,62.81,37.19,52.87,47.13
Uttar Pradesh,Ballia,25.86075638297873,84.03651978723408,193,3239774,4672,1595,4463,3004240,9000,119972,213440,64,892,60.61,59.12,40.88,51.64,48.36
Uttar Pradesh,Balrampur,27.449076537911324,82.47158326180256,182,2148665,1551,1866,3228,1333242,4159,57400,805975,87,900,40.41,62.76,37.24,51.88,48.12
Uttar Pradesh,Banda,25.351885902503284,80.52487391304344,170,1799410,1655,168,1367,1637549,3984,73522,157612,50,231,55.74,62.88,37.12,53.68,46.32
Uttar Pradesh,Bara Banki,26.922777025232424,81.35762350597606,176,3260699,3159,1553,4857,2505444,7882,108116,737106,211,2090,51.9,59.71,40.29,52.35,47.65
Uttar Pradesh,Bareilly,28.51101940789474,79.43187072368416,150,4448359,15164,4371,14822,2830768,16535,272830,1536534,339,28187,49.27,61.26,38.74,53.0,47.0
Uttar Pradesh,Basti,26.833880454545447,82.69790590909092,185,2464464,3423,9753,3493,2082976,6268,108101,364510,99,900,56.56,58.81,41.19,50.93,49.07
Uttar Pradesh,Bijnor,29.313974259681096,78.45098815489754,134,3682713,7303,1736,6184,2032081,12524,268353,1585210,41,50624,57.98,58.14,41.86,52.17,47.83
Uttar Pradesh,Bulandshahr,28.34875862068968,78.01082758620684,142,3499171,7865,669,4088,2707195,12104,223922,777407,86,2765,58.06,61.69,38.31,52.73,47.27
Uttar Pradesh,Chandauli,25.1180859611231,83.25307062634984,196,1952756,3492,340,2153,1727869,5441,99602,215081,1175,1389,60.15,59.55,40.45,52.13,47.87
Uttar Pradesh,Chitrakoot,25.159924623803,81.07666087551297,171,991730,827,101,693,955372,2101,41046,34559,27,63,53.55,62.2,37.8,53.21,46.79
Uttar Pradesh,Deoria,26.42218856548857,83.8244070686071,190,3100946,4469,1182,3626,2730957,7260,150001,358539,146,818,60.47,57.55,42.45,49.58,50.42
Uttar Pradesh,Etah,27.591155309734443,78.70021858407083,201,1774480,2635,2887,2464,1611126,4968,69591,146346,18,708,59.47,61.32,38.68,53.39,46.61
Uttar Pradesh,Etawah,26.78817670157068,79.07621806282728,161,1581810,2964,1733,1362,1457892,5639,113098,113961,94,1045,67.14,58.72,41.28,53.47,46.53
Uttar Pradesh,Faizabad,26.60589185185181,82.00783530864202,177,2470996,4746,737,3225,2094271,8853,127754,365806,185,1912,58.72,57.78,42.22,50.98,49.02
Uttar Pradesh,Farrukhabad,27.45063297872342,79.4406284574468,159,1885204,2624,3161,3137,1596278,5971,88081,276846,100,3160,57.96,59.93,40.07,53.38,46.62
Uttar Pradesh,Fatehpur,25.8374362030905,80.85416203090509,172,2632733,3385,172,2201,2274674,7211,75263,350700,47,402,57.44,60.24,39.76,52.6,47.4
Uttar Pradesh,Firozabad,27.20963993055552,78.42660624999998,147,2498156,5834,3395,3370,2140745,6591,196080,314812,61,1804,60.92,59.95,40.05,53.32,46.68
Uttar Pradesh,Gautam Buddha Nagar,28.393311038961038,77.52462467532465,141,1648115,53181,895,7366,1394025,34293,257586,215500,91,9261,68.14,59.31,40.69,54.01,45.99
Uttar Pradesh,Ghaziabad,28.74997308584685,77.67441879350343,140,4681645,78116,3487,19026,3414427,60494,695130,1186776,265,23001,66.71,58.0,42.0,53.16,46.84
Uttar Pradesh,Ghazipur,25.624724775583484,83.5360854578097,195,3620268,5309,3145,4181,3233790,10778,105767,368153,184,810,60.7,58.86,41.14,51.24,48.76
Uttar Pradesh,Gonda,27.157215552099505,82.0226888024882,183,3433919,4313,649,4735,2739076,9762,104084,678615,57,1893,48.92,61.56,38.44,52.04,47.96
Uttar Pradesh,Gorakhpur,26.63315886792452,83.3549560377358,188,4440895,14597,2848,9662,4009037,17372,296619,403847,207,2123,60.81,59.03,40.97,51.29,48.71
Uttar Pradesh,Hardoi,27.337409090909137,80.26411767676768,155,4092845,3845,6671,5822,3508131,10212,95508,556219,98,5688,54.28,61.87,38.13,53.54,46.46
Uttar Pradesh,Jalaun,26.067954587155988,79.36686911314993,165,1689974,2217,2875,1148,1509708,6634,104176,171581,145,463,63.62,60.77,39.23,53.62,46.38
Uttar Pradesh,Jaunpur,25.70141280913127,82.54315351934063,194,4494204,8002,7898,4947,3981502,16965,181467,483750,114,1286,60.78,57.31,42.69,49.41,50.59
Uttar Pradesh,Jhansi,25.45581535234902,78.89954580536917,166,1998603,8517,1203,7050,1823930,11278,183340,147842,311,4951,65.27,60.08,39.92,52.91,47.09
Uttar Pradesh,Jyotiba Phule Nagar,28.870498984771597,78.39009365482241,137,1840221,2825,189,5952,1075440,4225,89329,750368,21,5295,53.42,61.09,38.91,52.36,47.64
Uttar Pradesh,Kannauj,26.993988617886185,79.64437940379408,160,1656616,2488,2033,1263,1375788,5981,61491,273967,65,504,61.4,59.35,40.65,53.23,46.77
Uttar Pradesh,Kanpur Dehat,26.43047641196011,79.98710083056478,163,1796184,2682,819,1300,1612968,3816,49753,176327,103,478,65.15,59.22,40.78,53.63,46.37
Uttar Pradesh,Kaushambi,25.53587532051282,81.41811282051287,174,1599596,1503,687,2225,1372381,3275,43753,220423,3,522,50.85,62.36,37.64,52.42,47.58
Uttar Pradesh,Kushinagar,26.892530675909864,83.92261542461007,189,3564544,3486,4619,5006,2928462,7032,127331,620244,133,767,54.84,60.55,39.45,51.0,49.0
Uttar Pradesh,Lalitpur,24.58877161016945,78.60082330508473,167,1221592,1079,69,1351,1163804,3469,77082,33724,41,1034,52.49,62.01,37.99,52.47,47.53
Uttar Pradesh,Lucknow,26.838233589251463,80.89706026871404,157,4589838,68506,3877,20493,3537787,57277,582769,985070,504,23883,68.13,55.72,44.28,52.17,47.83
Uttar Pradesh,Mahoba,25.34529670138888,79.67863003472216,169,875958,1316,94,965,815142,2331,42936,57454,157,389,55.72,61.93,38.07,53.24,46.76
Uttar Pradesh,Mainpuri,27.17386862302482,79.03501851015807,148,1868529,2642,8814,1729,1746649,4478,79022,100723,38,475,64.43,59.15,40.85,53.16,46.84
Uttar Pradesh,Mathura,27.59390432801821,77.62153416856502,145,2547184,8726,883,3179,2310776,14830,281239,216933,126,2872,59.19,62.57,37.43,53.67,46.33
Uttar Pradesh,Mau,26.01082203791469,83.50582654028433,192,2205968,2656,564,2109,1769937,6358,149908,428555,129,340,61.79,56.72,43.28,50.53,49.47
Uttar Pradesh,Meerut,29.02957625698323,77.80611005586593,138,3443689,23717,1855,10582,2183255,30303,425624,1185643,236,24912,62.19,58.58,41.42,53.02,46.98
Uttar Pradesh,Mirzapur,25.10207959183675,82.60126628571429,199,2496970,4447,341,2373,2292534,7631,145997,195765,27,1133,57.22,60.6,39.4,52.56,47.44
Uttar Pradesh,Moradabad,28.851770406189537,78.73580193423597,135,4772006,11690,1260,13157,2488265,15527,281758,2248392,382,7555,47.44,59.96,40.04,52.46,47.54
Uttar Pradesh,Muzaffarnagar,29.470507977736563,77.64017847866423,133,4143512,10077,1516,6495,2382914,17771,368153,1711453,60,18601,58.34,59.92,40.08,52.94,47.06
Uttar Pradesh,Pilibhit,28.52024175035868,79.90103974175037,151,2031007,2870,360,3510,1449007,5136,83006,489686,45,84787,52.24,61.66,38.34,52.78,47.22
Uttar Pradesh,Pratapgarh,25.864842731707316,81.93530048780492,131,867848,716,32,358,827293,4004,71612,25597,27,72,46.27,62.29,37.71,50.44,49.56
Uttar Pradesh,Pratapgarh,25.864842731707316,81.93530048780492,173,3209141,5149,7795,3920,2731351,10950,140538,452394,43,1451,60.19,58.06,41.94,50.05,49.95
Uttar Pradesh,Rae Bareli,26.253902840059787,81.22260463378181,158,3405559,5184,722,3634,2975998,11007,247856,413243,602,2424,57.72,59.31,40.69,51.46,48.54
Uttar Pradesh,Rampur,28.83244727272725,79.10977333333337,136,2335819,3847,384,9201,1073890,6043,131112,1181337,63,65316,44.68,60.4,39.6,52.4,47.6
Uttar Pradesh,Saharanpur,30.03381165217392,77.59905147826095,132,3466382,9699,1937,6523,1966892,15910,404499,1454052,135,18627,59.92,58.74,41.26,52.91,47.09
Uttar Pradesh,Sant Kabir Nagar,26.791596516393444,83.0387764344262,186,1715183,2031,4393,1766,1300586,3780,79525,404410,35,447,55.68,59.39,40.61,50.7,49.3
Uttar Pradesh,Shahjahanpur,27.991389350649328,79.8302275324675,152,3006538,3889,2312,4630,2412595,7979,115163,527581,84,51090,49.59,61.38,38.62,53.43,46.57
Uttar Pradesh,Sitapur,27.501995963091108,80.85288881199547,154,4483992,3874,2663,6579,3555450,8537,102040,893725,79,11611,50.93,61.2,38.8,52.97,47.03
Uttar Pradesh,Sonbhadra,24.46693268858798,83.06816324951639,200,1862559,5149,1747,3963,1738769,7734,95582,103567,1907,1649,52.92,61.07,38.93,52.15,47.85
Uttar Pradesh,Sultanpur,26.2846386419753,82.05710456790123,179,3797117,5956,9989,4453,3119590,14299,233701,650261,336,1629,58.99,58.05,41.95,50.42,49.58
Uttar Pradesh,Unnao,26.63163990895297,80.636773292868,156,3108367,3476,920,3574,2732016,8742,99466,363453,31,1204,57.06,59.37,40.63,52.44,47.56
Uttar Pradesh,Varanasi,25.36057088888889,82.82529666666672,197,3676841,19214,1146,7696,3107681,19388,336056,546987,298,3309,65.38,57.79,42.21,52.27,47.73
Uttaranchal,Almora,29.683532133676103,79.50165064267351,64,622506,1830,201,1895,611250,8171,109876,7752,6,256,70.12,53.06,46.94,46.76,53.24
Uttaranchal,Bageshwar,29.98703393393397,79.83954354354357,63,259898,435,102,397,257509,1561,47083,1440,16,46,69.06,54.35,45.65,47.84,52.16
Uttaranchal,Chamoli,30.58338611464965,79.56281095541402,57,391605,899,190,428,385818,4217,71524,4395,23,323,71.64,55.39,44.61,49.54,50.46
Uttaranchal,Champawat,29.29142393939393,80.07720212121217,65,259648,548,24,870,249563,1995,37725,8693,6,336,68.45,57.4,42.6,50.5,49.5
Uttaranchal,Pithoragarh,30.14720631868129,80.34229230769236,62,483439,1344,185,1401,475105,5112,95421,6015,30,260,71.48,54.88,45.12,49.5,50.5
Uttaranchal,Tehri Garhwal,30.463700918635173,78.48783792650917,59,618931,1366,32,656,609835,5447,117239,7374,109,290,65.92,55.74,44.26,48.15,51.85
Uttaranchal,Udham Singh Nagar,29.02779577677222,79.45629004524895,67,1648902,7883,505,6064,1104452,12987,254802,372267,159,162768,62.94,57.67,42.33,52.08,47.92
Uttaranchal,Uttarkashi,30.968958552036234,78.56880615384617,56,330086,602,563,353,324859,1794,52621,3554,105,167,65.17,59.61,40.39,51.08,48.92
West Bengal,Bankura,23.081280892857155,87.12640053571437,339,3596674,4273,260,3865,3033581,20907,334670,290450,260694,386,62.08,58.19,41.81,51.11,48.89
West Bengal,Barddhaman,23.444453888888884,87.8150581111111,335,7717563,32323,1602,21220,6008472,73925,1049943,1599764,44968,16675,67.99,55.61,44.39,51.4,48.6
West Bengal,Birbhum,24.06389342723,87.65153089201888,334,3502404,5210,258,10906,2181515,21042,333752,1298054,6051,582,61.63,55.66,44.34,51.13,48.87
West Bengal,Dakshin Dinajpur,25.342094363021435,88.69821679819614,331,1676276,2518,148,24794,1232850,8866,168069,412788,2786,276,64.65,55.04,44.96,51.14,48.86
West Bengal,Darjiling,26.839619571045585,88.33145067024122,327,1846823,10943,209240,141848,1366681,17538,297176,105086,15523,2032,71.24,54.55,45.45,50.75,49.25
West Bengal,Haora,22.401674174428507,87.99421176968654,341,4850029,30751,1258,8666,3535844,54551,796953,1270641,1265,4380,74.33,53.89,46.11,51.56,48.44
West Bengal,Hugli,22.87929264705881,88.00010264705891,338,5519145,31725,1730,7300,4574569,78179,965258,870204,49050,2662,73.9,54.23,45.77,51.0,49.0
West Bengal,Jalpaiguri,26.62642031250004,89.04154375000003,328,3872846,9322,50676,186279,3156781,26651,382500,445817,23816,2994,64.52,55.89,44.11,51.2,48.8
West Bengal,Kolkata,22.550581481481483,88.3527648148148,342,4496694,136618,4771,39758,3440290,168382,927602,926414,1452,13849,79.8,53.7,46.3,52.41,47.59
West Bengal,Maldah,25.08026802575105,88.17191684549356,332,3988845,5357,359,13209,1914352,14202,297716,2045151,7929,747,52.31,55.21,44.79,51.43,48.57
West Bengal,Murshidabad,24.25950655391121,88.16816860465121,333,7103807,7951,348,18102,2359061,24651,541169,4707573,7429,766,57.09,53.68,46.32,51.07,48.93
West Bengal,Nadia,23.56410971055088,88.58293034547152,336,5167600,12787,514,33835,3728482,30270,623729,1382682,16893,849,67.35,53.98,46.02,51.35,48.65
West Bengal,Puruliya,23.254192328767108,86.3968532876713,340,2930115,3551,209,8646,2373120,8792,189889,227249,309029,622,55.46,61.67,38.33,51.09,48.91
West Bengal,Uttar Dinajpur,26.044619165196977,88.23595232216337,330,3007134,2883,432,16702,1482943,7563,199307,1501170,1622,477,49.54,57.29,42.71,51.58,48.42
